Timestamp,  1. What is your primary source of money?  ,2. What is your average monthly income or allowance? ,3. Do you currently have a part-time job? ,4. What is your monthly rent / hostel fee? ,5. How much do you spend on food per month? ,6. What are your monthly transportation expenses? ,7. How much do you spend on mobile recharge and internet per month? ,"8. What are your average education-related expenses per month? 
(Books, printing, subscriptions, etc.)",9. How much do you spend monthly on eating out or food delivery? ,"10. How much do you spend monthly on shopping and entertainment?
 (Clothes, gadgets, movies, games, etc.) ",11. How do you mostly pay for expenses?,12. Do you try to save money every month? ,13. How much do you save on average per month? ,14. How often do you run out of money before the end of the month? ,15. Have you borrowed money in the last 3 months? ,16. Do you usually run out of money before the end of the month? ,Email address,target
2025-12-16 10:59:09.124,Parents,2500.0,No,0.0,1000.0,0.0,450.0,1000.0,1000.0,2000.0,UPI/Digital wallets,Sometimes,2000.0,Often,No,No,,0
2025-12-16 10:59:40.602,Parents,12500.0,Yes,4500.0,1000.0,2250.0,450.0,0.0,0.0,4000.0,Debit/Credit card,Sometimes,500.0,Sometimes,No,No,,0
2025-12-16 11:24:39.663,Part-time job,2500.0,Yes,0.0,1000.0,1000.0,450.0,0.0,0.0,0.0,Mixed methods,Sometimes,500.0,Rarely,Yes,No,,0
2025-12-16 11:52:56.808,Parents,2500.0,No,0.0,1000.0,1000.0,450.0,1000.0,1000.0,2000.0,UPI/Digital wallets,Sometimes,0.0,Often,Yes,Yes,,1
2025-12-16 12:18:07.387,Combination of above,2500.0,Yes,0.0,1000.0,0.0,150.0,0.0,1000.0,0.0,UPI/Digital wallets,Sometimes,500.0,Sometimes,No,Yes,,1
2025-12-16 12:18:16.745,Combination of above,2500.0,No,0.0,1000.0,1000.0,450.0,1000.0,1000.0,2000.0,Mixed methods,Sometimes,500.0,Rarely,No,No,,0
2025-12-16 12:21:50.866,Parents,7500.0,Yes,8000.0,7200.0,0.0,450.0,1000.0,1000.0,2000.0,UPI/Digital wallets,Sometimes,3600.0,Rarely,No,No,,0
2025-12-16 13:42:24.404,Parents,12500.0,Yes,8000.0,5000.0,2250.0,800.0,2250.0,2250.0,4000.0,Debit/Credit card,Yes,2000.0,Sometimes,Yes,Yes,,1
2025-12-16 13:51:35.396,Combination of above,2500.0,No,0.0,1000.0,0.0,800.0,2250.0,1000.0,2000.0,Mixed methods,Sometimes,0.0,Every month,Yes,Yes,,1
2025-12-16 13:51:40.513,Parents,2500.0,No,4500.0,1000.0,0.0,450.0,2250.0,2250.0,0.0,UPI/Digital wallets,Sometimes,500.0,Often,Yes,Yes,,1
2025-12-16 19:23:25.274,Part-time job,2500.0,No,0.0,1000.0,0.0,150.0,0.0,0.0,0.0,UPI/Digital wallets,Sometimes,0.0,Every month,No,No,,0
2025-12-16 19:26:17.557,Parents,2500.0,No,0.0,1000.0,1000.0,450.0,1000.0,1000.0,0.0,Mixed methods,Sometimes,500.0,Often,Yes,Yes,,1
2025-12-16 19:34:10.978,Parents,2500.0,No,0.0,1000.0,0.0,450.0,0.0,1000.0,2000.0,Cash,Sometimes,500.0,Sometimes,No,No,,0
2025-12-16 19:35:03.084,Part-time job,2500.0,No,0.0,1000.0,0.0,450.0,0.0,0.0,0.0,Cash,Yes,500.0,Never,No,Yes,,1
2025-12-16 21:09:24.491,Parents,2500.0,No,0.0,1000.0,1000.0,450.0,0.0,1000.0,0.0,UPI/Digital wallets,Yes,0.0,Rarely,No,No,,0
2025-12-16 21:53:22.684,Parents,2500.0,No,0.0,3000.0,1000.0,450.0,1000.0,1000.0,0.0,Mixed methods,Sometimes,0.0,Often,No,Yes,,1
2025-12-16 22:24:06.013,Parents,12500.0,No,0.0,1000.0,0.0,450.0,2250.0,1000.0,4000.0,Mixed methods,Sometimes,500.0,Sometimes,Yes,Yes,,1
2025-12-17 08:16:51.872,Parents,2500.0,No,0.0,1000.0,1000.0,450.0,0.0,1000.0,0.0,Cash,Sometimes,0.0,Often,Yes,Yes,,1
2025-12-17 08:21:36.994,Parents,18000.0,No,4500.0,1000.0,0.0,450.0,0.0,0.0,2000.0,Cash,Yes,500.0,Sometimes,Yes,Yes,,1
2025-12-17 08:21:39.421,Parents,12500.0,No,0.0,1000.0,0.0,450.0,0.0,0.0,0.0,UPI/Digital wallets,Sometimes,500.0,Rarely,No,No,,0
2025-12-17 08:30:09.772,Part-time job,7500.0,Yes,0.0,1000.0,0.0,450.0,0.0,0.0,2000.0,UPI/Digital wallets,Sometimes,500.0,Sometimes,Yes,Yes,,1
2025-12-17 08:35:55.330,Part-time job,2500.0,Yes,0.0,3000.0,1000.0,450.0,1000.0,1000.0,0.0,UPI/Digital wallets,Yes,2000.0,Often,Yes,Yes,,1
2025-12-17 08:38:39.343,Parents,2500.0,No,0.0,1000.0,1000.0,150.0,0.0,0.0,0.0,UPI/Digital wallets,Yes,500.0,Sometimes,Yes,Yes,,1
2025-12-17 08:52:08.948,Parents,12500.0,No,8000.0,5000.0,0.0,450.0,0.0,0.0,0.0,Cash,Sometimes,500.0,Sometimes,No,No,,0
2025-12-17 09:43:49.536,Parents,18000.0,No,1500.0,3000.0,1000.0,450.0,2250.0,1000.0,4000.0,UPI/Digital wallets,Sometimes,500.0,Sometimes,No,Yes,,1
2025-12-17 10:09:18.950,Parents,2500.0,No,0.0,1000.0,2250.0,450.0,0.0,0.0,0.0,Cash,Yes,500.0,Every month,Yes,Yes,,1
2025-12-17 10:28:52.995,Parents,12500.0,No,0.0,1000.0,1000.0,150.0,0.0,0.0,0.0,Cash,Sometimes,0.0,Sometimes,No,No,,0
2025-12-17 10:29:30.116,Parents,2500.0,No,0.0,3000.0,3600.0,450.0,3600.0,2250.0,4000.0,Cash,Sometimes,500.0,Rarely,No,No,,0
2025-12-17 10:36:11.915,Parents,2500.0,No,0.0,1000.0,1000.0,150.0,0.0,0.0,0.0,UPI/Digital wallets,Sometimes,0.0,Rarely,No,Yes,,1
2025-12-17 12:38:14.867,Parents,2500.0,No,8000.0,1000.0,1000.0,450.0,1000.0,1000.0,4000.0,Cash,Sometimes,500.0,Sometimes,Yes,Yes,,1
2025-12-17 12:39:53.864,Parents,2500.0,No,0.0,1000.0,0.0,450.0,0.0,1000.0,2000.0,UPI/Digital wallets,Sometimes,0.0,Sometimes,Yes,Yes,,1
2025-12-17 12:40:59.925,Parents,2500.0,No,8000.0,1000.0,2250.0,450.0,1000.0,1000.0,0.0,Mixed methods,Yes,500.0,Sometimes,Yes,Yes,,1
2025-12-17 13:02:42.711,Parents,18000.0,No,0.0,5000.0,1000.0,150.0,0.0,0.0,0.0,Cash,Yes,500.0,Sometimes,Yes,Yes,,1
2025-12-17 13:07:55.257,Parents,2500.0,No,0.0,1000.0,0.0,450.0,0.0,0.0,0.0,Cash,Yes,2000.0,Rarely,No,No,,0
2025-12-17 14:21:58.174,Parents,2500.0,No,0.0,1000.0,0.0,450.0,0.0,2250.0,0.0,Cash,Sometimes,500.0,Sometimes,No,Yes,,1
2025-12-17 22:01:54.384,Combination of above,2500.0,No,0.0,1000.0,1000.0,450.0,0.0,0.0,0.0,Cash,Sometimes,500.0,Sometimes,No,No,,0
2026-01-05 11:08:18.652,Parents,2500.0,No,4500.0,1000.0,1000.0,450.0,1000.0,1000.0,0.0,UPI/Digital wallets,Sometimes,500.0,Rarely,Yes,No,,0
2026-01-05 11:08:44.372,Part-time job,7500.0,Yes,0.0,1000.0,1000.0,450.0,0.0,1000.0,2000.0,UPI/Digital wallets,Sometimes,500.0,Rarely,No,Yes,,1
2026-01-05 11:08:55.945,Combination of above,2500.0,Yes,0.0,3000.0,2250.0,450.0,3600.0,3600.0,2000.0,UPI/Digital wallets,Sometimes,500.0,Often,Yes,Yes,,1
2026-01-05 11:10:25.101,Parents,2500.0,No,12000.0,3000.0,2250.0,450.0,0.0,1000.0,0.0,UPI/Digital wallets,Yes,500.0,Never,No,No,,0
2026-01-05 11:11:34.466,Parents,2500.0,No,0.0,3000.0,1000.0,450.0,1000.0,1000.0,4000.0,UPI/Digital wallets,Sometimes,0.0,Rarely,Yes,Yes,,1
2026-01-05 11:12:38.735,Parents,7500.0,No,4500.0,5000.0,0.0,450.0,2250.0,0.0,0.0,UPI/Digital wallets,Sometimes,500.0,Every month,No,Yes,,1
2026-01-05 11:12:44.584,Loan,18000.0,Yes,12000.0,7200.0,3600.0,1200.0,0.0,3600.0,6000.0,Mixed methods,No,3600.0,Every month,Yes,No,,0
2026-01-05 11:13:21.215,Parents,2500.0,No,0.0,1000.0,2250.0,800.0,0.0,3600.0,6000.0,Debit/Credit card,No,0.0,Never,No,No,,0
2026-01-05 11:21:51.160,Parents,2500.0,No,0.0,1000.0,2250.0,450.0,3600.0,1000.0,0.0,Mixed methods,Yes,500.0,Sometimes,Yes,Yes,,1
2026-01-05 13:44:55.393,Part-time job,7500.0,Yes,0.0,1000.0,0.0,150.0,1000.0,0.0,0.0,Cash,Sometimes,2000.0,Sometimes,Yes,Yes,,1
2026-01-05 13:45:04.054,Part-time job,2500.0,Yes,0.0,3000.0,1000.0,450.0,1000.0,2250.0,2000.0,Mixed methods,Yes,2000.0,Often,No,Yes,,1
2026-01-05 13:45:41.309,Part-time job,2500.0,No,0.0,1000.0,1000.0,450.0,1000.0,0.0,0.0,UPI/Digital wallets,No,0.0,Rarely,Yes,No,,0
2026-01-05 13:46:00.251,Scholarship,2500.0,No,1500.0,3000.0,3600.0,800.0,0.0,1000.0,0.0,Cash,Sometimes,0.0,Sometimes,No,Yes,,1
2026-01-05 13:46:42.779,Parents,2500.0,No,0.0,1000.0,2250.0,450.0,0.0,2250.0,2000.0,Mixed methods,Yes,500.0,Often,No,Yes,,1
2026-01-05 13:50:27.206,Parents,2500.0,No,0.0,1000.0,0.0,150.0,0.0,0.0,0.0,UPI/Digital wallets,Yes,0.0,Never,Yes,Yes,,1
2026-01-05 13:50:32.147,Parents,2500.0,No,0.0,3000.0,1000.0,800.0,1000.0,0.0,0.0,UPI/Digital wallets,Sometimes,500.0,Sometimes,Yes,No,,0
2026-01-05 13:51:01.917,Parents,18000.0,Yes,0.0,1000.0,1000.0,450.0,1000.0,1000.0,4000.0,UPI/Digital wallets,Sometimes,500.0,Sometimes,No,No,,0
2026-01-05 13:51:56.337,Parents,2500.0,No,0.0,3000.0,0.0,450.0,1000.0,1000.0,2000.0,UPI/Digital wallets,Sometimes,2000.0,Sometimes,No,No,,0
2026-01-05 13:52:46.390,Parents,2500.0,No,0.0,3000.0,1000.0,450.0,0.0,0.0,2000.0,UPI/Digital wallets,Sometimes,2000.0,Rarely,No,Yes,,1
2026-01-05 13:56:21.888,Parents,7500.0,No,0.0,5000.0,3600.0,450.0,0.0,3600.0,6000.0,Mixed methods,Sometimes,500.0,Often,Yes,Yes,,1
2026-01-05 13:56:23.911,Parents,12500.0,No,4500.0,5000.0,1000.0,1200.0,1000.0,1000.0,2000.0,UPI/Digital wallets,Yes,2000.0,Often,Yes,Yes,,1
2026-01-05 13:56:38.041,Parents,7500.0,Yes,0.0,3000.0,0.0,150.0,0.0,0.0,0.0,Mixed methods,Sometimes,0.0,Every month,Yes,Yes,,1
2026-01-05 13:57:03.287,Parents,2500.0,Yes,0.0,1000.0,0.0,150.0,0.0,0.0,0.0,Mixed methods,No,500.0,Rarely,Yes,Yes,,1
2026-01-05 13:57:31.861,Parents,2500.0,No,0.0,3000.0,0.0,1200.0,1000.0,1000.0,0.0,UPI/Digital wallets,Yes,2000.0,Rarely,No,No,,0
2026-01-05 13:57:41.792,Parents,2500.0,No,0.0,1000.0,0.0,150.0,3600.0,0.0,0.0,UPI/Digital wallets,Yes,500.0,Sometimes,Yes,Yes,,1
2026-01-05 13:58:16.406,Parents,2500.0,No,0.0,1000.0,1000.0,150.0,0.0,0.0,0.0,Mixed methods,Yes,3600.0,Never,Yes,No,,0
2026-01-05 13:58:31.538,Parents,2500.0,No,0.0,1000.0,1000.0,1200.0,1000.0,0.0,2000.0,UPI/Digital wallets,Yes,500.0,Rarely,Yes,Yes,,1
2026-01-05 13:58:57.802,Scholarship,7500.0,Yes,1500.0,3000.0,1000.0,800.0,1000.0,2250.0,4000.0,UPI/Digital wallets,Sometimes,500.0,Rarely,Yes,Yes,,1
2026-01-05 13:59:05.178,Parents,7500.0,No,0.0,1000.0,0.0,450.0,0.0,0.0,2000.0,UPI/Digital wallets,Sometimes,500.0,Rarely,No,Yes,,1
2026-01-05 13:59:08.199,Parents,2500.0,No,0.0,1000.0,0.0,450.0,0.0,0.0,0.0,Cash,Sometimes,0.0,Sometimes,No,Yes,,1
2026-01-05 13:59:10.719,Parents,7500.0,No,0.0,1000.0,1000.0,150.0,1000.0,0.0,0.0,Cash,Sometimes,500.0,Rarely,Yes,No,,0
2026-01-05 13:59:12.597,Parents,2500.0,No,0.0,1000.0,0.0,450.0,0.0,0.0,0.0,UPI/Digital wallets,Sometimes,500.0,Rarely,No,Yes,,1
2026-01-05 13:59:24.932,Parents,2500.0,No,4500.0,5000.0,0.0,450.0,1000.0,1000.0,2000.0,UPI/Digital wallets,Sometimes,500.0,Rarely,No,Yes,,1
2026-01-05 13:59:26.448,Parents,2500.0,No,0.0,3000.0,0.0,450.0,2250.0,1000.0,0.0,UPI/Digital wallets,No,0.0,Every month,Yes,Yes,,1
2026-01-05 13:59:26.506,Parents,2500.0,No,0.0,5000.0,2250.0,450.0,0.0,2250.0,4000.0,Mixed methods,Sometimes,500.0,Often,Yes,Yes,,1
2026-01-05 13:59:29.516,Parents,2500.0,No,0.0,3000.0,1000.0,150.0,1000.0,1000.0,0.0,UPI/Digital wallets,Sometimes,0.0,Every month,Yes,Yes,,1
2026-01-05 13:59:29.810,Parents,2500.0,No,1500.0,3000.0,1000.0,450.0,1000.0,1000.0,2000.0,UPI/Digital wallets,Sometimes,0.0,Sometimes,Yes,Yes,,1
2026-01-05 13:59:33.521,Parents,7500.0,No,4500.0,3000.0,0.0,450.0,0.0,0.0,0.0,UPI/Digital wallets,Yes,500.0,Rarely,Yes,No,,0
2026-01-05 13:59:43.168,Parents,2500.0,No,0.0,1000.0,1000.0,450.0,1000.0,0.0,2000.0,UPI/Digital wallets,Yes,0.0,Sometimes,No,Yes,,1
2026-01-05 13:59:46.329,Parents,2500.0,No,0.0,1000.0,0.0,450.0,1000.0,1000.0,0.0,UPI/Digital wallets,Sometimes,0.0,Rarely,No,No,,0
2026-01-05 14:00:02.672,Part-time job,12500.0,No,0.0,1000.0,1000.0,150.0,1000.0,1000.0,6000.0,Debit/Credit card,Sometimes,2000.0,Sometimes,No,Yes,,1
2026-01-05 14:00:05.174,Parents,2500.0,No,0.0,1000.0,1000.0,450.0,2250.0,0.0,0.0,Cash,Yes,0.0,Sometimes,Yes,Yes,,1
2026-01-05 14:00:10.511,Loan,7500.0,No,4500.0,1000.0,1000.0,450.0,1000.0,0.0,2000.0,UPI/Digital wallets,Yes,500.0,Never,No,Yes,,1
2026-01-05 14:00:22.291,Part-time job,7500.0,Yes,0.0,3000.0,3600.0,450.0,0.0,2250.0,4000.0,UPI/Digital wallets,Yes,500.0,Every month,Yes,Yes,,1
2026-01-05 14:01:12.249,Part-time job,2500.0,Yes,0.0,1000.0,1000.0,450.0,1000.0,0.0,0.0,UPI/Digital wallets,Sometimes,500.0,Sometimes,Yes,No,,0
2026-01-05 14:01:37.591,Parents,12500.0,No,0.0,1000.0,0.0,450.0,1000.0,1000.0,0.0,UPI/Digital wallets,Sometimes,0.0,Rarely,Yes,Yes,,1
2026-01-05 14:02:01.959,Parents,12500.0,No,0.0,1000.0,0.0,450.0,1000.0,1000.0,2000.0,UPI/Digital wallets,Yes,500.0,Rarely,Yes,Yes,,1
2026-01-05 14:02:13.905,Parents,7500.0,No,0.0,1000.0,2250.0,450.0,1000.0,0.0,0.0,Cash,Sometimes,0.0,Sometimes,No,No,,0
2026-01-05 14:03:53.431,Combination of above,2500.0,Yes,0.0,1000.0,2250.0,450.0,1000.0,2250.0,0.0,Mixed methods,Yes,2000.0,Every month,Yes,Yes,,1
2026-01-05 14:04:24.056,Loan,2500.0,No,4500.0,1000.0,1000.0,450.0,2250.0,1000.0,2000.0,Cash,Yes,500.0,Rarely,No,No,,0
2026-01-05 14:05:55.576,Parents,18000.0,No,0.0,3000.0,2250.0,450.0,1000.0,1000.0,2000.0,Cash,Yes,0.0,Sometimes,No,Yes,,1
2026-01-05 17:09:55.367,Parents,2500.0,No,0.0,1000.0,0.0,450.0,0.0,0.0,2000.0,Mixed methods,Sometimes,0.0,Often,Yes,Yes,,1
2026-01-05 17:32:46.220,Parents,2500.0,No,0.0,1000.0,1000.0,450.0,0.0,0.0,0.0,UPI/Digital wallets,Yes,500.0,Rarely,No,No,,0
2026-01-05 17:33:58.257,Parents,2500.0,No,0.0,1000.0,1000.0,150.0,0.0,1000.0,0.0,Mixed methods,Sometimes,500.0,Rarely,No,Yes,,1
2026-01-05 21:18:38.303,Parents,2500.0,No,0.0,3000.0,1000.0,450.0,0.0,0.0,2000.0,Cash,Sometimes,500.0,Often,Yes,Yes,,1
2026-01-07 16:22:53.255,Part-time job,2500.0,Yes,0.0,1000.0,0.0,150.0,0.0,0.0,0.0,UPI/Digital wallets,Yes,500.0,Rarely,No,No,,0
2026-01-07 16:24:38.987,Combination of above,7500.0,No,0.0,5000.0,3600.0,450.0,0.0,2250.0,0.0,UPI/Digital wallets,Sometimes,0.0,Sometimes,Yes,No,,0
2026-01-07 16:25:20.883,Parents,2500.0,Yes,0.0,1000.0,1000.0,150.0,1000.0,1000.0,2000.0,UPI/Digital wallets,Sometimes,500.0,Often,No,Yes,,1
2026-01-07 16:37:21.711,Parents,2500.0,No,0.0,1000.0,0.0,150.0,1000.0,0.0,2000.0,Cash,Sometimes,500.0,Often,No,Yes,,1
2026-01-07 16:38:16.710,Part-time job,7500.0,Yes,4500.0,3000.0,1000.0,450.0,0.0,0.0,0.0,Cash,Sometimes,2000.0,Rarely,No,No,,0
2026-01-10 11:22:57.679,Parents,2500.0,No,0.0,1000.0,0.0,450.0,0.0,0.0,0.0,Mixed methods,Yes,500.0,Sometimes,No,No,,0
2026-01-10 11:27:22.101,Parents,2500.0,No,0.0,3000.0,1000.0,150.0,0.0,1000.0,2000.0,UPI/Digital wallets,No,0.0,Often,No,Yes,,1
2026-01-10 11:28:25.372,Parents,2500.0,No,0.0,1000.0,1000.0,150.0,0.0,0.0,0.0,Mixed methods,Sometimes,500.0,Sometimes,No,No,,0
2026-01-28 11:14:51.063,Parents,7500.0,Yes,4500.0,3000.0,1000.0,450.0,1000.0,1000.0,2000.0,UPI/Digital wallets,Yes,500.0,Rarely,Yes,Yes,,1
2026-01-28 11:15:34.689,Scholarship,7500.0,Yes,1500.0,3000.0,1000.0,450.0,1000.0,1000.0,2000.0,UPI/Digital wallets,Yes,500.0,Sometimes,Yes,Yes,,1
2026-01-28 16:28:07.906,Parents,2500.0,No,0.0,3000.0,1000.0,450.0,1000.0,2250.0,4000.0,UPI/Digital wallets,Sometimes,500.0,Sometimes,Yes,Yes,,1
2026-01-28 16:29:21.428,Parents,2500.0,No,0.0,1000.0,0.0,150.0,2250.0,1000.0,2000.0,Debit/Credit card,Sometimes,2000.0,Sometimes,Yes,Yes,,1
2026-01-28 16:31:40.034,Parents,2500.0,No,0.0,1000.0,0.0,450.0,0.0,1000.0,0.0,Cash,Yes,500.0,Every month,No,Yes,,1
2026-01-28 16:33:01.831,Parents,2500.0,No,0.0,3000.0,0.0,450.0,0.0,1000.0,0.0,Mixed methods,Sometimes,500.0,Every month,Yes,Yes,,1
2026-01-28 16:36:11.773,Parents,2500.0,Yes,0.0,1000.0,0.0,450.0,0.0,0.0,0.0,Cash,Sometimes,500.0,Rarely,Yes,No,,0
2026-01-28 16:36:26.297,Parents,2500.0,No,4500.0,5000.0,0.0,450.0,0.0,0.0,2000.0,UPI/Digital wallets,Sometimes,500.0,Often,No,Yes,,1
2026-01-28 16:36:28.354,Parents,2500.0,No,4500.0,5000.0,0.0,450.0,1000.0,0.0,0.0,Cash,Yes,500.0,Often,Yes,Yes,,1
2026-01-28 16:36:37.063,Parents,2500.0,No,4500.0,1000.0,0.0,450.0,1000.0,1000.0,0.0,UPI/Digital wallets,Sometimes,500.0,Sometimes,Yes,Yes,,1
2026-01-28 16:37:43.728,Scholarship,2500.0,No,1500.0,3000.0,2250.0,450.0,2250.0,1000.0,2000.0,UPI/Digital wallets,Sometimes,500.0,Sometimes,Yes,No,,0
2026-01-28 16:39:43.358,Loan,2500.0,No,12000.0,7200.0,0.0,1200.0,1000.0,2250.0,4000.0,Debit/Credit card,No,0.0,Every month,Yes,Yes,,1
2026-01-28 16:40:16.922,Part-time job,7500.0,Yes,0.0,1000.0,2250.0,150.0,0.0,1000.0,0.0,UPI/Digital wallets,Sometimes,500.0,Sometimes,Yes,Yes,,1
2026-01-28 16:51:53.817,Part-time job,18000.0,No,0.0,7200.0,3600.0,450.0,2250.0,3600.0,2000.0,Mixed methods,Yes,2000.0,Sometimes,Yes,Yes,,1
2026-01-28 16:59:12.683,Parents,7500.0,No,4500.0,1000.0,0.0,450.0,0.0,0.0,0.0,UPI/Digital wallets,Yes,500.0,Sometimes,Yes,No,,0
2026-01-29 11:14:04.637,Part-time job,18000.0,Yes,0.0,7200.0,3600.0,1200.0,3600.0,3600.0,6000.0,Cash,No,3600.0,Every month,Yes,No,,0
2026-01-29 11:15:56.010,Parents,2500.0,No,0.0,1000.0,2250.0,150.0,1000.0,0.0,0.0,Cash,Yes,500.0,Rarely,No,No,,0
2026-01-29 11:18:26.385,Parents,7500.0,No,0.0,1000.0,1000.0,450.0,0.0,0.0,2000.0,Cash,Yes,500.0,Sometimes,No,Yes,,1
2026-01-29 11:18:42.528,Loan,2500.0,No,0.0,1000.0,0.0,450.0,0.0,1000.0,2000.0,UPI/Digital wallets,Yes,2000.0,Never,No,Yes,,1
2026-01-29 13:33:33.454,Parents,2500.0,Yes,0.0,1000.0,0.0,450.0,1000.0,1000.0,0.0,UPI/Digital wallets,Sometimes,0.0,Sometimes,Yes,No,,0
2026-01-29 15:09:30.637,Scholarship,2500.0,Yes,12000.0,5000.0,0.0,150.0,3600.0,1000.0,6000.0,Cash,Yes,0.0,Never,No,Yes,,1
2026-01-29 15:14:46.427,Parents,2500.0,No,0.0,1000.0,0.0,150.0,0.0,0.0,0.0,Cash,Sometimes,500.0,Sometimes,No,No,,0
2026-01-29 15:20:01.594,Parents,2500.0,Yes,0.0,1000.0,0.0,150.0,0.0,0.0,0.0,Cash,Yes,500.0,Never,Yes,Yes,,1
2026-01-29 15:28:27.624,Combination of above,2500.0,Yes,0.0,1000.0,0.0,450.0,0.0,0.0,0.0,Cash,Yes,500.0,Rarely,Yes,Yes,,1
2026-01-29 15:28:44.726,Parents,18000.0,No,8000.0,7200.0,3600.0,800.0,3600.0,3600.0,6000.0,UPI/Digital wallets,Sometimes,3600.0,Every month,Yes,No,,0
2026-01-29 15:28:52.573,Parents,2500.0,Yes,0.0,1000.0,1000.0,800.0,2250.0,2250.0,4000.0,UPI/Digital wallets,Sometimes,500.0,Rarely,No,No,,0
2026-01-29 15:29:01.707,Parents,2500.0,No,0.0,1000.0,1000.0,150.0,0.0,1000.0,0.0,Mixed methods,Sometimes,500.0,Rarely,Yes,Yes,,1
2026-01-29 15:29:05.598,Parents,2500.0,No,0.0,1000.0,0.0,450.0,0.0,0.0,0.0,Cash,Sometimes,500.0,Never,No,No,,0
2026-01-29 15:30:01.075,Parents,2500.0,No,0.0,1000.0,0.0,450.0,1000.0,1000.0,0.0,Cash,Sometimes,500.0,Rarely,Yes,Yes,,1
2026-01-29 15:31:22.469,Parents,2500.0,No,0.0,3000.0,0.0,450.0,1000.0,0.0,0.0,UPI/Digital wallets,Yes,500.0,Rarely,No,No,,0
2026-01-29 15:32:15.544,Parents,2500.0,Yes,1500.0,5000.0,0.0,450.0,1000.0,3600.0,0.0,Debit/Credit card,Yes,0.0,Often,Yes,Yes,,1
2026-01-29 15:33:59.808,Parents,2500.0,No,12000.0,1000.0,0.0,1200.0,0.0,1000.0,6000.0,UPI/Digital wallets,Sometimes,500.0,Every month,No,Yes,,1
2026-01-29 15:34:03.948,Parents,2500.0,No,0.0,1000.0,0.0,450.0,1000.0,1000.0,2000.0,Cash,Sometimes,500.0,Every month,Yes,Yes,,1
2026-01-29 15:34:12.104,Parents,2500.0,No,0.0,3000.0,1000.0,150.0,1000.0,1000.0,2000.0,Cash,Sometimes,2000.0,Sometimes,Yes,Yes,,1
2026-01-29 15:34:26.812,Loan,12500.0,No,4500.0,5000.0,2250.0,800.0,2250.0,1000.0,4000.0,Debit/Credit card,No,0.0,Every month,No,No,,0
2026-01-29 15:34:52.721,Parents,7500.0,No,8000.0,3000.0,0.0,150.0,1000.0,1000.0,2000.0,UPI/Digital wallets,Yes,500.0,Often,Yes,Yes,,1
2026-01-29 15:35:04.496,Parents,2500.0,No,0.0,3000.0,1000.0,450.0,1000.0,2250.0,2000.0,Debit/Credit card,Sometimes,500.0,Rarely,Yes,Yes,,1
2026-01-29 15:36:24.830,Parents,12500.0,No,8000.0,1000.0,0.0,450.0,1000.0,0.0,2000.0,Mixed methods,Yes,500.0,Every month,No,Yes,,1
2026-01-29 15:38:52.540,Parents,2500.0,No,0.0,1000.0,2250.0,150.0,1000.0,2250.0,2000.0,Cash,Sometimes,500.0,Rarely,No,No,,0
2026-01-29 15:39:07.465,Part-time job,7500.0,Yes,4500.0,3000.0,0.0,450.0,1000.0,2250.0,0.0,Mixed methods,Yes,2000.0,Rarely,Yes,Yes,,1
2026-01-29 15:39:20.157,Parents,7500.0,No,0.0,3000.0,1000.0,450.0,1000.0,2250.0,4000.0,Cash,Sometimes,2000.0,Often,Yes,Yes,,1
2026-01-29 15:40:01.460,Parents,18000.0,No,4500.0,1000.0,0.0,450.0,1000.0,0.0,0.0,Cash,Sometimes,2000.0,Rarely,No,Yes,,1
2026-01-29 15:40:01.714,Parents,18000.0,No,0.0,3000.0,2250.0,450.0,0.0,1000.0,2000.0,Mixed methods,Sometimes,500.0,Often,No,Yes,,1
2026-01-29 15:41:04.196,Parents,2500.0,No,8000.0,1000.0,0.0,150.0,1000.0,0.0,0.0,Cash,Sometimes,0.0,Often,Yes,Yes,,1
2026-01-29 15:41:13.649,Parents,2500.0,No,0.0,1000.0,0.0,450.0,1000.0,0.0,0.0,Cash,Sometimes,500.0,Sometimes,Yes,Yes,,1
2026-01-29 15:43:42.122,Parents,2500.0,No,12000.0,5000.0,2250.0,450.0,1000.0,1000.0,4000.0,UPI/Digital wallets,Yes,500.0,Sometimes,Yes,Yes,,1
2026-01-29 15:43:44.740,Parents,18000.0,No,0.0,1000.0,0.0,450.0,1000.0,0.0,0.0,Mixed methods,Yes,500.0,Sometimes,Yes,Yes,,1
2026-01-29 15:44:19.097,Parents,12500.0,Yes,4500.0,1000.0,0.0,150.0,2250.0,1000.0,2000.0,Debit/Credit card,Sometimes,2000.0,Often,No,Yes,,1
2026-01-29 15:44:41.059,Parents,12500.0,Yes,0.0,5000.0,1000.0,800.0,1000.0,2250.0,2000.0,UPI/Digital wallets,Sometimes,500.0,Often,Yes,Yes,,1
2026-01-29 15:45:17.112,Parents,2500.0,Yes,0.0,1000.0,1000.0,150.0,0.0,2250.0,0.0,Cash,Yes,0.0,Never,Yes,Yes,,1
2026-01-29 15:45:40.739,Part-time job,7500.0,Yes,1500.0,1000.0,1000.0,450.0,1000.0,2250.0,4000.0,UPI/Digital wallets,Sometimes,2000.0,Often,Yes,Yes,,1
2026-01-29 15:45:58.463,Parents,2500.0,No,0.0,5000.0,2250.0,150.0,3600.0,1000.0,2000.0,Cash,No,2000.0,Rarely,No,Yes,,1
2026-01-29 15:46:07.020,Parents,7500.0,No,8000.0,3000.0,1000.0,450.0,1000.0,2250.0,4000.0,Debit/Credit card,Sometimes,2000.0,Sometimes,No,No,,0
2026-01-29 15:46:13.681,Parents,18000.0,No,0.0,7200.0,3600.0,1200.0,3600.0,3600.0,6000.0,UPI/Digital wallets,No,3600.0,Every month,No,Yes,,1
2026-01-29 15:46:46.957,Parents,12500.0,No,0.0,1000.0,0.0,150.0,0.0,0.0,0.0,Cash,Yes,3600.0,Never,Yes,No,,0
2026-01-29 15:47:13.298,Scholarship,2500.0,Yes,4500.0,3000.0,1000.0,450.0,2250.0,1000.0,4000.0,Cash,No,500.0,Rarely,No,Yes,,1
2026-01-29 15:48:11.799,Parents,2500.0,No,0.0,1000.0,0.0,150.0,0.0,0.0,0.0,UPI/Digital wallets,No,0.0,Never,No,No,,0
2026-01-29 15:48:13.559,Combination of above,7500.0,No,4500.0,1000.0,1000.0,150.0,0.0,0.0,0.0,Cash,Yes,0.0,Sometimes,Yes,Yes,,1
2026-01-29 15:50:50.756,Parents,2500.0,No,0.0,1000.0,0.0,450.0,3600.0,0.0,0.0,Cash,Sometimes,0.0,Rarely,No,No,,0
2026-01-29 15:50:54.855,Part-time job,7500.0,No,1500.0,3000.0,0.0,450.0,3600.0,0.0,0.0,Cash,No,0.0,Never,No,No,,0
2026-01-29 15:51:03.151,Parents,2500.0,No,4500.0,1000.0,0.0,450.0,3600.0,1000.0,0.0,Mixed methods,Sometimes,500.0,Every month,No,No,,0
2026-01-29 15:53:28.772,Parents,7500.0,Yes,0.0,1000.0,0.0,150.0,2250.0,1000.0,2000.0,Debit/Credit card,Sometimes,500.0,Sometimes,No,No,,0
2026-01-29 15:54:04.908,Part-time job,7500.0,No,4500.0,3000.0,1000.0,450.0,3600.0,2250.0,4000.0,Debit/Credit card,Sometimes,2000.0,Sometimes,Yes,No,,0
2026-01-29 15:55:54.502,Scholarship,2500.0,Yes,4500.0,5000.0,2250.0,450.0,1000.0,2250.0,2000.0,UPI/Digital wallets,Yes,500.0,Sometimes,Yes,Yes,,1
2026-01-29 15:57:42.252,Parents,2500.0,No,4500.0,1000.0,0.0,450.0,1000.0,0.0,0.0,Cash,Yes,500.0,Sometimes,Yes,Yes,,1
2026-01-29 15:57:44.251,Combination of above,2500.0,No,0.0,1000.0,1000.0,450.0,1000.0,1000.0,2000.0,UPI/Digital wallets,Yes,500.0,Rarely,Yes,Yes,,1
2026-01-29 16:10:27.574,Parents,18000.0,No,0.0,3000.0,1000.0,450.0,1000.0,0.0,2000.0,Cash,Sometimes,0.0,Rarely,Yes,Yes,,1
2026-01-29 16:11:12.824,Part-time job,2500.0,Yes,0.0,1000.0,1000.0,450.0,1000.0,1000.0,2000.0,Mixed methods,Sometimes,500.0,Rarely,No,No,,0
2026-01-29 16:12:19.853,Parents,2500.0,No,0.0,1000.0,1000.0,450.0,0.0,0.0,4000.0,Cash,Sometimes,500.0,Sometimes,Yes,Yes,,1
2026-01-29 16:12:35.670,Parents,2500.0,Yes,0.0,1000.0,0.0,450.0,1000.0,1000.0,2000.0,Cash,Sometimes,500.0,Often,Yes,Yes,,1
2026-01-29 16:14:13.614,Parents,2500.0,No,0.0,1000.0,1000.0,150.0,1000.0,1000.0,0.0,Mixed methods,Sometimes,500.0,Rarely,Yes,Yes,,1
2026-01-29 19:01:57.043,Parents,2500.0,No,0.0,1000.0,1000.0,450.0,1000.0,1000.0,0.0,UPI/Digital wallets,Sometimes,500.0,Often,Yes,Yes,,1
